method,k,k_actual,ari,nmi,regions_named,areas_recovered,largest,note
names ring 1 (baseline),20,20,0.21843763280637282,0.6538378662843946,0.35,0.07216494845360824,0.18522000752162468,
names unsmoothed,20,20,0.1618216293551514,0.5800412872324557,0.15,0.030927835051546393,0.2237683339601354,
fields adaptive,20,20,0.2846522785082924,0.6941605767671631,0.45,0.09278350515463918,0.1267393757051523,
fields fixed 1 cell,20,20,0.23233299971375532,0.6670017472917011,0.25,0.05154639175257732,0.15156073711921775,
coordinates only,20,20,0.31470834244683127,0.6953444897886815,0.25,0.05154639175257732,0.1021060549078601,
"null: ring 1, names permuted",20,20,0.05635367435710589,0.39927321105939256,0.35,0.07216494845360824,0.4247837532907108,perm 0
"null: fields adaptive, names permuted",20,20,0.3537166840350492,0.7180168786337046,0.35,0.07216494845360824,0.08969537420082738,perm 0
"null: ring 1, names permuted",20,20,0.023968230211647158,0.3104869479092559,0.35,0.061855670103092786,0.6699887175629936,perm 1
"null: fields adaptive, names permuted",20,20,0.323387585141426,0.7078568869261721,0.2,0.041237113402061855,0.1021060549078601,perm 1
floor: random contiguous,20,20,0.2046486466583509,0.6395073342285883,0.25,0.05154639175257732,0.15080857465212485,seed 0
floor: random contiguous,20,20,0.3019667075188962,0.6831288938554533,0.35,0.07216494845360824,0.11451673561489281,seed 1
floor: random contiguous,20,20,0.2967977943672866,0.6834159245709036,0.1,0.020618556701030927,0.12974802557352388,seed 2
floor: random contiguous,20,20,0.28936820482810177,0.6810096202209687,0.3,0.061855670103092786,0.10229409552463332,seed 3
floor: random contiguous,20,20,0.27081995019865907,0.6760484087307121,0.25,0.05154639175257732,0.14742384355020685,seed 4
names ring 1 (baseline),98,98,0.3587004704572207,0.7513211025744838,0.32653061224489793,0.31958762886597936,0.03986461075592328,
names unsmoothed,98,98,0.23727273522151496,0.6511470961985789,0.12244897959183673,0.1134020618556701,0.1541933057540429,
fields adaptive,98,98,0.41926625724437844,0.7753415075203268,0.3469387755102041,0.29896907216494845,0.03986461075592328,
fields fixed 1 cell,98,98,0.38073080779250357,0.7749597409719872,0.32653061224489793,0.30927835051546393,0.02989845806694246,
coordinates only,98,98,0.35852491816978177,0.7704379671949263,0.37755102040816324,0.3402061855670103,0.017299736743136517,
"null: ring 1, names permuted",98,98,0.17104035691445785,0.6387066718605667,0.29591836734693877,0.26804123711340205,0.1447912749153817,perm 0
"null: fields adaptive, names permuted",98,98,0.40220391926472254,0.7751746023045788,0.35714285714285715,0.31958762886597936,0.029522376833396015,perm 0
"null: ring 1, names permuted",98,98,0.16183200053546512,0.6306782637442646,0.25510204081632654,0.20618556701030927,0.19969913501316283,perm 1
"null: fields adaptive, names permuted",98,98,0.4095451050511715,0.7747767269071634,0.3979591836734694,0.31958762886597936,0.034599473486273034,perm 1
floor: random contiguous,98,98,0.3585056680669294,0.7504375033486084,0.3469387755102041,0.27835051546391754,0.041556976306882286,seed 0
floor: random contiguous,98,98,0.3629057669315092,0.7549665611017045,0.24489795918367346,0.23711340206185566,0.042685220007521625,seed 1
floor: random contiguous,98,98,0.4027244223537038,0.7597810582444691,0.22448979591836735,0.20618556701030927,0.03497555471981948,seed 2
floor: random contiguous,98,98,0.4853541733432265,0.7614901068226292,0.336734693877551,0.23711340206185566,0.05885671305001881,seed 3
floor: random contiguous,98,98,0.3588219391211529,0.7485586035202169,0.25510204081632654,0.23711340206185566,0.042685220007521625,seed 4
watershed: fields win directly,258,258,0.4294117948934887,0.7863499645253987,0.2441860465116279,0.5463917525773195,0.04193305754042873,
