ring,vocabulary,vocab_n,k,ari,nmi,null_ari
0,keep all,4159,10,0.04433121810660458,0.3041071140614378,0.00010877562348649303
0,keep all,4159,20,0.14809159471824043,0.5033393527478516,0.0005443074625614497
0,keep all,4159,40,0.19694212114371984,0.5844768848766555,0.0021281067138457883
0,drop street names,3608,10,0.09283512849892576,0.4021610629576349,-0.0001748022233906105
0,drop street names,3608,20,0.10065282860600594,0.443417580281152,0.0006742181339064833
0,drop street names,3608,40,0.11122164839387169,0.47981166198586206,0.0006042804166642948
0,drop street names except neighbourhood names,3635,10,0.06810567288271066,0.36318571521643067,-0.0003744456068258833
0,drop street names except neighbourhood names,3635,20,0.06936458047967368,0.4438212954463794,-0.0005073572020108924
0,drop street names except neighbourhood names,3635,40,0.06677578372175393,0.47629070453053857,-0.0008500231208122907
1,keep all,4159,10,0.2670030451135116,0.586502696632305,0.20512439186183765
1,keep all,4159,20,0.3601459927312903,0.6798529323180001,0.24117769117818003
1,keep all,4159,40,0.36299662894692747,0.7177857341906831,0.3369300186888681
1,drop street names,3608,10,0.3111595783994668,0.6055384901183678,0.12418127608226114
1,drop street names,3608,20,0.3394659078995815,0.6771368551919809,0.2129658448172075
1,drop street names,3608,40,0.36171949658379177,0.7244832957175483,0.2644483157173542
1,drop street names except neighbourhood names,3635,10,0.29764016329076703,0.6040489323844099,0.13061357038542667
1,drop street names except neighbourhood names,3635,20,0.3168103427436235,0.6726578787684441,0.20198495137672326
1,drop street names except neighbourhood names,3635,40,0.3836956144963185,0.7297902826453316,0.3047582520959545
