ring,k,method,ari,nmi,largest
-,5,SCHC Ward: coordinates only,0.06906070839125998,0.44720346373956105,
-,5,floor: random contiguous (mean of 20),0.0566693920247749,0.4144795390515667,
-,10,SCHC Ward: coordinates only,0.1387403094233792,0.5757529895375922,
-,10,floor: random contiguous (mean of 20),0.11167824325707014,0.5402408766372989,
-,20,SCHC Ward: coordinates only,0.25345940182841437,0.6714866291200049,
-,20,floor: random contiguous (mean of 20),0.17908174917445283,0.6280184184126733,
-,40,SCHC Ward: coordinates only,0.34917439845840154,0.7281633734301947,
-,40,floor: random contiguous (mean of 20),0.2665873353186281,0.6937965354932257,
-,174,SCHC Ward: coordinates only,0.2932145676234209,0.7698251757710668,
-,174,floor: random contiguous (mean of 20),0.3234705260327519,0.7565742130997688,
0,5,SCHC Ward: names,0.03185399012846453,0.33736267766413497,0.5549083433270515
0,5,null: names dealt to random cells (mean of 5),2.455200509250708e-06,0.0018750248086057152,
0,5,"k-means on names, no contiguity",0.005698841240525325,0.05813134157522452,
0,10,SCHC Ward: names,0.03286715950956128,0.3517189373466896,0.5391468219976016
0,10,null: names dealt to random cells (mean of 5),-1.618542966746746e-05,0.0034724600902113533,
0,10,"k-means on names, no contiguity",0.0062605447625717165,0.08921996370115567,
0,20,SCHC Ward: names,0.050650596904171175,0.4335342957013325,0.43207126948775054
0,20,null: names dealt to random cells (mean of 5),4.82246825030643e-06,0.0071920649458350775,
0,20,"k-means on names, no contiguity",0.014886789654819816,0.13503296549639154,
0,40,SCHC Ward: names,0.07132365279066297,0.48691315194627,0.3460681857118383
0,40,null: names dealt to random cells (mean of 5),2.8391478283779646e-07,0.01452684420180352,
0,40,"k-means on names, no contiguity",0.021108029544183452,0.1916081444971204,
0,174,SCHC Ward: names,0.07674673505938225,0.5532145617791933,0.29758437553537775
0,174,null: names dealt to random cells (mean of 5),-6.61923674895688e-05,0.06551225827280681,
0,174,"k-means on names, no contiguity",0.03281426852712521,0.31006864886684715,
1,5,SCHC Ward: names,0.05913214471647737,0.4128709895904841,0.3395579921192393
1,5,null: names dealt to random cells (mean of 5),0.008231241167339368,0.14699199158759074,
1,5,"k-means on names, no contiguity",0.015000316173647995,0.16293681705123408,
1,10,SCHC Ward: names,0.08479827699966386,0.49682400698235035,0.2556107589515162
1,10,null: names dealt to random cells (mean of 5),0.014898419168005226,0.2516020969504843,
1,10,"k-means on names, no contiguity",0.04239683850338075,0.2976721574191898,
1,20,SCHC Ward: names,0.1452768476559425,0.5993459163639914,0.14510878876135
1,20,null: names dealt to random cells (mean of 5),0.019981813609248014,0.33249259702177036,
1,20,"k-means on names, no contiguity",0.07325723148768375,0.38289716589321215,
1,40,SCHC Ward: names,0.24814273960352437,0.676341233562862,0.060133630289532294
1,40,null: names dealt to random cells (mean of 5),0.05702065544895093,0.4670112181287531,
1,40,"k-means on names, no contiguity",0.11495557867167781,0.4811952869119295,
1,174,SCHC Ward: names,0.2658882207140315,0.7384329560794235,0.026212095254411514
1,174,null: names dealt to random cells (mean of 5),0.1761577074981196,0.691301078897086,
1,174,"k-means on names, no contiguity",0.15704122052817424,0.6134138789772792,
2,5,SCHC Ward: names,0.05503141562589343,0.39926749632937764,0.3940380332362515
2,5,null: names dealt to random cells (mean of 5),0.03827828251344266,0.35565852771810313,
2,5,"k-means on names, no contiguity",0.03842857658717287,0.29869571703574854,
2,10,SCHC Ward: names,0.10674557992845018,0.5292271371969152,0.18759636799725887
2,10,null: names dealt to random cells (mean of 5),0.080028272519289,0.47978706089850964,
2,10,"k-means on names, no contiguity",0.056487962252390105,0.39366128125226274,
2,20,SCHC Ward: names,0.1865088051975885,0.6339037326780695,0.09114271029638513
2,20,null: names dealt to random cells (mean of 5),0.1528926837884555,0.6040761445853002,
2,20,"k-means on names, no contiguity",0.13966116316857694,0.5603332116275132,
2,40,SCHC Ward: names,0.26234514104488726,0.6953366407060652,0.05482268288504369
2,40,null: names dealt to random cells (mean of 5),0.24338089395013318,0.6810041912560599,
2,40,"k-means on names, no contiguity",0.21981371982416065,0.6497912395683078,
2,174,SCHC Ward: names,0.2793028434739198,0.7587181058038197,0.016618125749528867
2,174,null: names dealt to random cells (mean of 5),0.3061751773373391,0.7676222571038686,
2,174,"k-means on names, no contiguity",0.2707940875659511,0.7476958753152885,
